{
  "properties": {
    "connectionReferences": {
      "shared_commondataserviceforapps_1": {
        "runtimeSource": "embedded",
        "connection": {
          "connectionReferenceLogicalName": "ya_sharedcommondataserviceforapps_56ce8"
        },
        "api": {
          "name": "shared_commondataserviceforapps"
        }
      }
    },
    "definition": {
      "$schema": "https://schema.management.azure.com/providers/Microsoft.Logic/schemas/2016-06-01/workflowdefinition.json#",
      "contentVersion": "1.0.0.0",
      "parameters": {
        "$connections": {
          "defaultValue": {},
          "type": "Object"
        },
        "$authentication": {
          "defaultValue": {},
          "type": "SecureObject"
        }
      },
      "triggers": {
        "manual": {
          "metadata": {
            "operationMetadataId": "a716a2c9-1447-4323-a8b1-9d1f4b2d20fa"
          },
          "type": "Request",
          "kind": "Button",
          "inputs": {
            "schema": {
              "type": "object",
              "properties": {},
              "required": []
            }
          }
        }
      },
      "actions": {
        "行を一覧にする": {
          "runAfter": {},
          "metadata": {
            "operationMetadataId": "b31429ee-9c0a-4bd2-8525-26e2b70856e8"
          },
          "type": "OpenApiConnection",
          "inputs": {
            "host": {
              "connectionName": "shared_commondataserviceforapps_1",
              "operationId": "ListRecords",
              "apiId": "/providers/Microsoft.PowerApps/apis/shared_commondataserviceforapps"
            },
            "parameters": {
              "entityName": "ya_items",
              "$filter": "ya_myupn ne null"
            },
            "authentication": {
              "type": "Raw",
              "value": "@json(decodeBase64(triggerOutputs().headers['X-MS-APIM-Tokens']))['$ConnectionKey']"
            }
          }
        },
        "Apply_to_each": {
          "foreach": "@outputs('行を一覧にする')?['body/value']",
          "actions": {
            "ID_で行を取得する": {
              "runAfter": {},
              "metadata": {
                "operationMetadataId": "787d6c42-214a-47a0-887f-b91fd97ae6e3"
              },
              "type": "OpenApiConnection",
              "inputs": {
                "host": {
                  "connectionName": "shared_commondataserviceforapps_1",
                  "operationId": "GetItem",
                  "apiId": "/providers/Microsoft.PowerApps/apis/shared_commondataserviceforapps"
                },
                "parameters": {
                  "entityName": "ya_items",
                  "recordId": "@items('Apply_to_each')?['ya_itemid']"
                },
                "authentication": {
                  "type": "Raw",
                  "value": "@json(decodeBase64(triggerOutputs().headers['X-MS-APIM-Tokens']))['$ConnectionKey']"
                }
              }
            },
            "行を更新する": {
              "runAfter": {
                "ユーザーを一覧にする": [
                  "Succeeded"
                ]
              },
              "metadata": {
                "operationMetadataId": "5b1c1017-c83a-48a8-8a98-450b9d8d3c43"
              },
              "type": "OpenApiConnection",
              "inputs": {
                "host": {
                  "connectionName": "shared_commondataserviceforapps_1",
                  "operationId": "UpdateRecord",
                  "apiId": "/providers/Microsoft.PowerApps/apis/shared_commondataserviceforapps"
                },
                "parameters": {
                  "entityName": "ya_items",
                  "recordId": "@outputs('ID_で行を取得する')?['body/ya_itemid']",
                  "item/ownerid@odata.bind": "/systemusers(@{first(outputs('ユーザーを一覧にする')?['body/value'])?['systemuserid']})"
                },
                "authentication": {
                  "type": "Raw",
                  "value": "@json(decodeBase64(triggerOutputs().headers['X-MS-APIM-Tokens']))['$ConnectionKey']"
                }
              },
              "description": "first(outputs('ユーザーを一覧にする')?['body/value'])?['systemuserid']"
            },
            "ユーザーを一覧にする": {
              "runAfter": {
                "ID_で行を取得する": [
                  "Succeeded"
                ]
              },
              "metadata": {
                "operationMetadataId": "fc7cceda-31d4-4b31-9cb4-30d9d9a17de4"
              },
              "type": "OpenApiConnection",
              "inputs": {
                "host": {
                  "connectionName": "shared_commondataserviceforapps_1",
                  "operationId": "ListRecords",
                  "apiId": "/providers/Microsoft.PowerApps/apis/shared_commondataserviceforapps"
                },
                "parameters": {
                  "entityName": "systemusers",
                  "$filter": "internalemailaddress eq '@{outputs('ID_で行を取得する')?['body/ya_myupn']}'"
                },
                "authentication": {
                  "type": "Raw",
                  "value": "@json(decodeBase64(triggerOutputs().headers['X-MS-APIM-Tokens']))['$ConnectionKey']"
                }
              }
            }
          },
          "runAfter": {
            "行を一覧にする": [
              "Succeeded"
            ]
          },
          "metadata": {
            "operationMetadataId": "d96ec0ab-1a1e-47a4-9508-ec7d282c1c6e"
          },
          "type": "Foreach"
        }
      }
    },
    "templateName": null
  },
  "schemaVersion": "1.0.0.0"
}