{"name":"3c002c27-58bf-4da6-a752-1bda9b354b80","id":"/providers/Microsoft.Flow/flows/3c002c27-58bf-4da6-a752-1bda9b354b80","type":"Microsoft.Flow/flows","properties":{"apiId":"/providers/Microsoft.PowerApps/apis/shared_logicflows","displayName":"GUIDから所有者を設定","definition":{"metadata":{"workflowEntityId":null,"processAdvisorMetadata":null,"flowChargedByPaygo":null,"flowclientsuspensionreason":"None","flowclientsuspensiontime":null,"flowclientsuspensionreasondetails":null,"creator":{"id":"da0e9c97-68b9-4bfd-92df-fcd204db19a2","type":"User","tenantId":"6ac40006-b6fe-4b12-951f-4825b5bb21d4"},"provisioningMethod":"FromDefinition","failureAlertSubscription":true,"clientLastModifiedTime":"2023-09-12T14:04:48.0640042Z"},"$schema":"https://schema.management.azure.com/providers/Microsoft.Logic/schemas/2016-06-01/workflowdefinition.json#","contentVersion":"1.0.0.0","parameters":{"$connections":{"defaultValue":{},"type":"Object"},"$authentication":{"defaultValue":{},"type":"SecureObject"}},"triggers":{"manual":{"metadata":{"operationMetadataId":"407cc26a-1cc2-47a5-8294-bd211420c020"},"type":"Request","kind":"Button","inputs":{"schema":{"type":"object","properties":{},"required":[]}}}},"actions":{"行を一覧にする":{"runAfter":{},"metadata":{"operationMetadataId":"b31429ee-9c0a-4bd2-8525-26e2b70856e8"},"type":"OpenApiConnection","inputs":{"host":{"apiId":"/providers/Microsoft.PowerApps/apis/shared_commondataserviceforapps","connectionName":"shared_commondataserviceforapps","operationId":"ListRecords"},"parameters":{"entityName":"ya_items","$filter":"ya_myguid ne null"},"authentication":"@parameters('$authentication')"}},"Apply_to_each":{"foreach":"@outputs('行を一覧にする')?['body/value']","actions":{"ID_で行を取得する":{"runAfter":{},"metadata":{"operationMetadataId":"787d6c42-214a-47a0-887f-b91fd97ae6e3"},"type":"OpenApiConnection","inputs":{"host":{"apiId":"/providers/Microsoft.PowerApps/apis/shared_commondataserviceforapps","connectionName":"shared_commondataserviceforapps","operationId":"GetItem"},"parameters":{"entityName":"ya_items","recordId":"@items('Apply_to_each')?['ya_itemid']"},"authentication":"@parameters('$authentication')"}},"行を更新する":{"runAfter":{"ID_で行を取得する":["Succeeded"]},"metadata":{"operationMetadataId":"5b1c1017-c83a-48a8-8a98-450b9d8d3c43"},"type":"OpenApiConnection","inputs":{"host":{"apiId":"/providers/Microsoft.PowerApps/apis/shared_commondataserviceforapps","connectionName":"shared_commondataserviceforapps","operationId":"UpdateRecord"},"parameters":{"entityName":"ya_items","recordId":"@outputs('ID_で行を取得する')?['body/ya_itemid']","item/ownerid@odata.bind":"/systemusers(@{outputs('ID_で行を取得する')?['body/ya_myguid']})"},"authentication":"@parameters('$authentication')"}}},"runAfter":{"行を一覧にする":["Succeeded"]},"metadata":{"operationMetadataId":"d96ec0ab-1a1e-47a4-9508-ec7d282c1c6e"},"type":"Foreach"}}},"connectionReferences":{"shared_commondataserviceforapps":{"connectionName":"shared-commondataser-531fb686-52be-43e1-b555-7521025705b1","source":"Embedded","id":"/providers/Microsoft.PowerApps/apis/shared_commondataserviceforapps","tier":"NotSpecified"}},"flowFailureAlertSubscribed":false,"isManaged":false}}